{"cameraMode":{"drawMode":0,"name":"Shaded","section":"Shading Mode"},"sceneLighting":true,"audioPlay":false,"sceneViewState":{"showFog":true,"showMaterialUpdate":false,"showSkybox":true,"showFlares":true,"showImageEffects":true,"showParticleSystems":true},"in2DMode":false,"pivot":{"x":-8.916942596435547,"y":2.2266292572021486,"z":12.807781219482422},"rotation":{"x":-0.05583948642015457,"y":-0.9380567073822022,"z":0.29049238562583926,"w":-0.18030305206775666},"size":18.235597610473634,"orthographic":false}