{"cameraMode":{"drawMode":0,"name":"Shaded","section":"Shading Mode"},"sceneLighting":false,"audioPlay":false,"sceneViewState":{"showFog":true,"showMaterialUpdate":false,"showSkybox":false,"showFlares":true,"showImageEffects":true,"showParticleSystems":true},"in2DMode":false,"pivot":{"x":8.863520622253418,"y":2.664712905883789,"z":-14.350753784179688},"rotation":{"x":-0.07493192702531815,"y":0.7302630543708801,"z":0.08116527646780014,"w":0.6741778254508972},"size":6.238476276397705,"orthographic":false}