{"cameraMode":{"drawMode":0,"name":"Shaded","section":"Shading Mode"},"sceneLighting":true,"audioPlay":false,"sceneViewState":{"showFog":true,"showMaterialUpdate":false,"showSkybox":true,"showFlares":true,"showImageEffects":true,"showParticleSystems":true},"in2DMode":false,"pivot":{"x":-5.699999809265137,"y":1.7000000476837159,"z":-9.699999809265137},"rotation":{"x":0.20175740122795106,"y":0.27010229229927065,"z":-0.057994294911623,"w":0.9396695494651794},"size":10.0,"orthographic":false}