{"cameraMode":{"drawMode":0,"name":"Shaded","section":"Shading Mode"},"sceneLighting":false,"audioPlay":false,"sceneViewState":{"showFog":true,"showMaterialUpdate":false,"showSkybox":false,"showFlares":true,"showImageEffects":true,"showParticleSystems":true},"in2DMode":false,"pivot":{"x":0.20019853115081788,"y":0.2653576135635376,"z":-14.606698989868164},"rotation":{"x":0.15592075884342194,"y":-0.7274476885795593,"z":0.17593763768672944,"w":0.6446169018745422},"size":2.326148748397827,"orthographic":false}